{"cameraMode":{"drawMode":0,"name":"Shaded","section":"Shading Mode"},"sceneLighting":false,"audioPlay":false,"sceneViewState":{"m_AlwaysRefresh":false,"showFog":true,"showSkybox":false,"showFlares":true,"showImageEffects":true,"showParticleSystems":true,"showVisualEffectGraphs":true,"m_FxEnabled":true},"in2DMode":false,"pivot":{"x":-1.9000017642974854,"y":11.556735038757325,"z":-10.530105590820313},"rotation":{"x":-0.013861646875739098,"y":0.8954176306724548,"z":-0.4441899359226227,"w":-0.02795439213514328},"size":2.3866145610809328,"orthographic":false}