{"cameraMode":{"drawMode":0,"name":"Shaded","section":"Shading Mode"},"sceneLighting":false,"audioPlay":false,"sceneViewState":{"m_AlwaysRefresh":false,"showFog":true,"showSkybox":false,"showFlares":true,"showImageEffects":true,"showParticleSystems":true,"showVisualEffectGraphs":true,"m_FxEnabled":true},"in2DMode":false,"pivot":{"x":18.520000457763673,"y":10.730999946594239,"z":42.40387725830078},"rotation":{"x":0.4596969783306122,"y":0.20310045778751374,"z":-0.10883953422307968,"w":0.8577021956443787},"size":1.0320203304290772,"orthographic":false}