{"cameraMode":{"drawMode":0,"name":"Shaded","section":"Shading Mode"},"sceneLighting":true,"audioPlay":false,"sceneViewState":{"m_AlwaysRefresh":false,"showFog":true,"showSkybox":true,"showFlares":true,"showImageEffects":true,"showParticleSystems":true,"showVisualEffectGraphs":true,"m_FxEnabled":true},"in2DMode":false,"pivot":{"x":15.475008010864258,"y":-7.309459686279297,"z":-61.174476623535159},"rotation":{"x":0.030322153121232988,"y":0.9677955508232117,"z":-0.2047612965106964,"w":0.1432991772890091},"size":11.403213500976563,"orthographic":false}