{"cameraMode":{"drawMode":0,"name":"Shaded","section":"Shading Mode"},"sceneLighting":false,"audioPlay":false,"sceneViewState":{"m_AlwaysRefresh":false,"showFog":true,"showSkybox":false,"showFlares":true,"showImageEffects":true,"showParticleSystems":true,"showVisualEffectGraphs":true,"m_FxEnabled":true},"in2DMode":false,"pivot":{"x":0.04399454593658447,"y":3.167996644973755,"z":-0.09312522411346436},"rotation":{"x":-0.14730636775493623,"y":-0.16650772094726563,"z":0.025163328275084497,"w":-0.9746550917625427},"size":4.205657482147217,"orthographic":false}