{"cameraMode":{"drawMode":0,"name":"Shaded","section":"Shading Mode"},"sceneLighting":false,"audioPlay":false,"sceneViewState":{"m_AlwaysRefresh":false,"showFog":true,"showSkybox":false,"showFlares":true,"showImageEffects":true,"showParticleSystems":true,"showVisualEffectGraphs":true,"m_FxEnabled":true},"in2DMode":false,"pivot":{"x":-0.2685895562171936,"y":0.18458954989910127,"z":0.7635895609855652},"rotation":{"x":0.1860385537147522,"y":0.3656604588031769,"z":-0.07484632730484009,"w":0.9088925719261169},"size":0.8302451968193054,"orthographic":false}