{"cameraMode":{"drawMode":0,"name":"Shaded","section":"Shading Mode"},"sceneLighting":false,"audioPlay":false,"sceneViewState":{"m_AlwaysRefresh":false,"showFog":true,"showSkybox":false,"showFlares":true,"showImageEffects":true,"showParticleSystems":true,"showVisualEffectGraphs":true,"m_FxEnabled":true},"in2DMode":false,"pivot":{"x":-0.0017299652099609376,"y":2.901409149169922,"z":0.06104326248168945},"rotation":{"x":0.245671346783638,"y":0.18362757563591004,"z":-0.04745475575327873,"w":0.9506248235702515},"size":4.0466485023498539,"orthographic":false}